outbreak_starting_date,reporting_date,state,district,disease_illness_name,cases,deaths,idsp_id
2025-04-15,2025-04-17,5,255,3,1,1,1
2025-04-15,2025-04-16,2,197,3,8,1,2
2025-04-19,2025-04-19,2,149,3,9,0,3
2025-04-16,2025-04-16,11,256,3,17,0,4
2025-04-17,2025-04-17,25,243,3,28,0,5
2025-04-15,2025-04-16,24,257,3,9,0,6
2025-04-19,2025-04-19,24,258,3,6,0,7
2025-04-16,2025-04-16,3,259,3,10,0,8
2025-04-17,2025-04-17,3,260,3,7,0,9
2025-04-16,2025-04-17,3,261,3,13,0,10
2025-04-15,2025-04-15,22,106,3,64,0,11
2025-04-18,2025-04-18,8,262,3,12,0,12
2025-04-07,2025-04-08,24,119,3,9,0,13
2025-04-05,2025-04-07,24,263,3,3,0,14
2025-04-11,2025-04-11,24,264,3,5,0,15
2025-04-13,2025-04-13,3,265,3,5,0,16
2025-04-10,2025-04-11,22,266,3,30,0,17
2025-04-06,2025-04-07,9,267,3,14,0,18
2025-04-12,2025-04-12,13,268,3,13,0,19
2025-03-31,2025-04-04,2,269,3,14,0,20
2025-04-05,2025-04-05,24,270,3,8,0,21
2025-04-03,2025-04-03,24,257,3,13,0,22
2025-04-04,2025-04-04,22,271,3,12,0,23
2025-04-04,2025-04-05,13,268,3,5,0,24
2025-04-02,2025-04-02,13,272,3,11,0,25
2025-04-01,2025-04-02,13,273,3,12,0,26
2025-04-05,2025-04-05,13,204,3,7,0,27
2025-03-27,,9,274,3,21,0,28
2025-03-15,,16,54,3,25,0,29
2025-03-23,2025-03-24,24,275,3,7,0,30
2025-03-27,2025-03-28,24,270,3,5,0,31
2025-03-25,2025-03-26,24,276,3,3,0,32
2025-03-24,2025-03-24,24,276,3,12,0,33
2025-03-25,2025-03-27,24,277,3,5,0,34
2025-03-27,2025-03-27,3,190,3,36,0,35
2025-03-25,2025-03-25,3,278,3,7,0,36
2025-03-27,2025-03-29,13,67,3,22,0,37
2025-03-30,2025-03-30,13,279,3,18,0,38
2025-03-24,2025-03-25,13,18,3,10,0,39
2025-03-27,2025-03-28,13,280,3,6,0,40
2025-03-14,,4,208,3,31,0,41
2025-02-27,,24,257,3,7,0,42
2025-03-18,,3,281,3,6,0,43
2025-03-18,,6,282,3,37,0,44
2025-03-18,,22,283,3,3,0,45
2025-03-18,2025-03-18,5,284,3,8,0,46
2025-03-18,2025-03-18,11,285,3,4,0,47
2025-03-22,2025-03-22,32,286,6,1,1,48
2025-03-17,2025-03-18,24,275,3,18,0,49
2025-03-22,2025-03-23,24,270,3,14,0,50
2025-03-21,2025-03-23,7,175,3,18,0,51
2025-03-17,2025-03-20,7,287,3,1,0,52
2025-03-13,2025-03-18,3,278,3,4,0,53
2025-03-20,2025-03-20,13,63,3,10,0,54
2025-03-19,2025-03-23,13,280,3,6,0,55
2025-03-19,2025-03-21,8,95,3,19,0,56
2025-03-06,,24,277,3,6,0,57
2025-03-07,,3,161,3,7,0,58
2025-03-10,2025-03-11,5,288,3,4,0,59
2025-03-11,2025-03-11,24,270,3,25,0,60
2025-03-10,2025-03-10,24,270,3,22,0,61
2025-03-11,2025-03-11,24,276,3,25,0,62
2025-03-11,2025-03-13,7,175,5,5,0,63
2025-03-10,2025-03-10,3,164,3,5,0,64
2025-03-10,2025-03-13,1,173,3,3,0,65
2025-03-07,2025-03-10,17,289,3,27,0,66
2025-03-12,2025-03-12,13,67,3,15,0,67
2025-03-10,2025-03-11,13,290,3,20,0,68
2025-03-08,2025-03-10,13,291,3,15,0,69
2025-02-13,,10,72,3,7,0,70
2025-03-05,,7,292,3,1,0,71
2025-03-06,,7,293,3,17,0,72
2025-02-27,,18,294,3,4,0,73
2025-02-28,2025-03-03,2,295,3,11,0,74
2025-03-05,2025-03-05,7,296,3,17,0,75
2025-03-04,2025-03-06,7,297,3,6,0,76
2025-02-27,2025-03-03,3,298,3,5,0,77
2025-03-07,2025-03-07,1,93,3,22,0,78
2025-03-08,2025-03-08,13,67,3,12,0,79
2025-03-07,2025-03-08,13,67,3,21,0,80
2025-03-07,2025-03-07,13,290,3,6,0,81
2025-03-05,2025-03-05,13,290,3,4,0,82
2025-03-03,2025-03-03,13,154,3,6,0,83
2025-03-03,2025-03-03,13,112,3,9,0,84
2025-03-01,2025-03-03,13,104,3,20,0,85
2025-03-07,2025-03-07,13,14,4,1,0,86
2025-02-25,,3,298,3,13,0,87
2025-02-08,,16,299,3,5,0,88
2025-02-24,2025-03-01,14,300,3,30,0,89
2025-02-28,2025-03-01,5,301,3,19,0,90
2025-01-28,,4,302,3,13,0,91
2025-02-27,2025-02-27,24,270,3,17,0,92
2025-02-27,2025-02-28,24,303,3,9,0,93
2025-02-28,2025-02-28,7,253,3,1,0,94
2025-02-28,2025-03-01,7,287,3,11,0,95
2025-02-27,2025-03-01,7,304,3,1,0,96
2025-02-26,2025-02-26,7,305,3,38,0,97
2025-02-06,,3,298,3,14,0,98
2025-02-24,2025-02-24,13,113,3,9,0,99
2025-02-24,2025-02-25,13,104,3,20,0,100
2025-02-24,2025-03-01,16,306,3,18,0,101
2025-02-28,2025-02-28,8,262,3,15,0,102
2025-02-21,2025-02-23,5,10,3,11,0,103
2025-02-14,2025-02-17,5,10,3,5,0,104
2025-02-21,2025-02-21,11,285,3,4,0,105
2025-02-18,2025-02-18,24,303,3,8,0,106
2025-02-17,2025-02-18,24,275,3,12,0,107
2025-01-21,,24,307,3,10,0,108
2025-02-18,2025-02-19,10,72,3,7,0,109
2025-02-22,2025-02-22,7,308,3,9,0,110
2025-02-21,2025-02-22,7,308,3,20,0,111
2025-02-20,2025-02-20,7,175,3,27,0,112
2025-02-18,2025-02-19,7,199,3,1,0,113
2025-02-18,2025-02-19,7,101,3,1,0,114
2025-02-17,2025-02-17,7,293,3,13,0,115
2025-02-15,2025-02-19,7,211,3,1,0,116
2025-02-15,2025-02-19,7,297,3,24,0,117
2025-02-20,2025-02-21,22,309,3,11,0,118
2025-02-18,2025-02-18,22,283,3,10,0,119
2025-02-19,2025-02-19,9,198,3,26,0,120
2025-02-22,2025-02-22,13,310,3,37,0,121
2025-02-20,2025-02-20,13,154,3,7,0,122
2025-02-19,2025-02-19,13,272,3,16,0,123
2025-02-17,2025-02-17,13,63,3,17,0,124
2025-02-14,2025-02-16,5,311,3,19,0,125
2025-02-08,2025-02-10,2,197,3,5,0,126
2025-02-15,2025-02-15,24,257,3,4,0,127
2025-02-11,2025-02-11,24,257,3,8,0,128
2025-02-11,2025-02-11,24,264,3,5,0,129
2025-02-08,2025-02-13,7,175,3,5,0,130
2025-02-06,,7,101,3,22,0,131
2025-02-13,2025-02-13,3,298,3,1,1,132
2025-02-10,2025-02-10,1,93,3,27,0,133
2025-02-11,2025-02-11,9,267,3,21,0,134
2025-02-13,2025-02-15,13,18,3,6,0,135
2025-02-11,2025-02-14,13,312,3,11,0,136
2025-02-07,2025-02-07,2,197,3,5,0,137
2025-01-29,,2,313,3,6,0,138
2025-02-06,2025-02-07,24,119,3,16,0,139
2025-02-06,2025-02-07,24,275,3,9,0,140
2025-02-05,2025-02-06,24,275,3,10,0,141
2025-02-04,2025-02-04,24,257,3,14,0,142
2025-02-03,2025-02-04,7,101,3,30,0,143
2025-01-31,2025-02-06,7,293,3,12,0,144
2025-02-08,2025-02-08,3,298,3,9,0,145
2025-02-05,2025-02-05,3,314,3,11,0,146
2025-02-03,2025-02-03,3,315,3,16,0,147
2025-02-08,2025-02-09,9,316,3,13,0,148
2025-02-03,2025-02-04,17,220,3,19,0,149
2025-02-04,2025-02-05,13,317,3,11,0,150
2025-01-30,2025-01-30,11,318,3,2,0,151
2025-01-25,2025-01-27,24,263,3,7,0,152
2025-01-28,2025-01-28,10,72,3,15,0,153
2025-02-01,2025-02-01,3,319,3,10,0,154
2025-01-31,2025-01-31,9,316,3,18,0,155
2025-01-07,,9,267,3,54,0,156
2025-01-31,2025-02-01,13,67,3,12,0,157
2025-01-29,2025-01-30,13,113,3,15,0,158
2025-01-29,2025-01-29,13,291,3,29,0,159
2025-01-28,2025-01-29,13,273,3,10,0,160
2025-01-28,2025-01-29,13,104,3,16,0,161
2025-01-27,2025-01-29,13,312,3,8,0,162
2025-01-16,,2,133,3,8,0,163
2024-12-18,,24,320,3,7,0,164
2025-01-22,2025-01-22,7,296,3,13,0,165
2025-01-20,2025-01-21,7,308,3,20,0,166
2025-01-20,2025-01-21,7,297,3,7,0,167
2025-01-01,,7,175,3,11,0,168
2025-01-17,2025-01-20,1,321,3,15,0,169
2025-01-13,,1,173,3,17,0,170
2025-01-24,2025-01-25,13,154,3,12,0,171
2025-01-24,2025-01-25,13,273,3,8,0,172
2025-01-22,2025-01-23,13,273,3,12,0,173
2025-01-11,2025-01-14,7,211,3,1,0,174
2025-01-11,2025-01-16,7,101,3,1,0,175
2025-01-07,,7,101,3,21,0,176
2025-01-06,,7,175,3,22,0,177
2024-12-30,,7,296,3,1,0,178
2025-01-02,,3,161,3,19,0,179
2025-01-17,2025-01-17,22,271,3,11,0,180
2025-01-15,2025-01-15,16,322,3,6,0,181
2025-01-11,2025-01-11,5,151,4,1,1,182
2025-01-06,2025-01-07,5,151,3,8,0,183
2025-01-09,2025-01-10,2,313,3,5,0,184
2025-01-08,2025-01-08,2,295,3,15,0,185
2025-01-09,2025-01-09,4,323,3,15,0,186
2025-01-09,2025-01-10,24,275,3,7,0,187
2025-01-08,2025-01-09,24,275,3,12,0,188
2025-01-09,2025-01-10,7,296,3,12,0,189
2025-01-08,2025-01-08,7,293,3,6,0,190
2025-01-03,2025-01-08,7,101,3,9,0,191
2024-12-17,,3,298,3,9,0,192
2025-01-10,2025-01-10,9,324,3,11,0,193
2025-01-09,2025-01-10,13,18,3,13,0,194
2025-01-09,2025-01-10,13,325,3,16,0,195
2025-01-08,2025-01-09,13,326,3,13,0,196
2025-01-07,2025-01-09,13,317,3,13,0,197
2025-01-01,2025-01-02,7,305,3,36,0,198
2024-12-30,2024-12-30,3,327,3,11,0,199
2024-12-31,2025-01-02,13,204,3,6,0,200
2024-12-29,2024-12-30,13,268,4,1,1,201
2024-12-21,2024-12-24,13,290,3,12,0,202
2024-12-21,2024-12-24,13,291,3,34,0,203
2024-12-24,2024-12-24,16,328,3,18,0,204
2024-12-17,2024-12-19,24,329,3,4,0,205
2024-12-16,2024-12-17,10,228,3,26,0,206
2024-12-13,2024-12-20,7,211,3,1,0,207
2024-12-12,2024-12-17,7,297,3,1,0,208
2024-12-12,2024-12-16,7,292,3,40,0,209
2024-12-17,2024-12-19,3,330,3,24,0,210
2024-12-16,2024-12-16,3,31,3,4,0,211
2024-12-19,2024-12-20,13,113,3,6,0,212
2024-12-11,2024-12-11,5,331,3,47,0,213
2024-12-12,2024-12-13,2,170,3,11,0,214
2024-12-13,2024-12-13,25,243,3,15,0,215
2024-12-11,2024-12-13,7,305,3,9,0,216
2024-12-11,2024-12-12,7,305,3,15,0,217
2024-12-10,2024-12-11,7,293,3,8,0,218
2024-12-09,2024-12-11,7,305,3,20,0,219
2024-12-09,2024-12-09,7,305,3,21,0,220
2024-12-07,2024-12-11,7,175,3,8,0,221
2024-12-06,2024-12-11,7,175,3,5,0,222
2024-12-14,2024-12-15,9,332,3,20,0,223
2024-12-06,2024-12-13,9,333,3,57,0,224
2024-12-10,2024-12-11,13,204,3,11,0,225
2024-12-10,2024-12-10,13,67,3,14,0,226
2024-12-07,2024-12-09,13,112,4,3,0,227
2024-12-06,2024-12-06,7,305,3,12,0,228
2024-12-03,2024-12-07,7,287,3,9,0,229
2024-12-07,2024-12-07,3,23,3,29,0,230
2024-12-06,2024-12-07,9,36,3,43,0,231
2024-12-07,2024-12-07,13,291,3,9,0,232
2024-12-04,2024-12-04,13,113,3,12,0,233
2024-11-30,2024-12-02,13,144,3,29,0,234
2024-11-26,2024-12-07,16,334,3,4,0,235
2024-11-30,2024-12-01,26,335,3,6,0,236
2024-11-26,2024-11-26,26,336,3,17,0,237
2024-11-29,2024-11-29,5,331,3,9,0,238
2024-11-29,2024-11-29,7,287,3,15,0,239
2024-11-29,2024-11-29,7,305,3,17,0,240
2024-11-27,2024-11-29,7,305,3,16,0,241
2024-11-25,2024-11-26,7,305,3,34,0,242
2024-11-29,2024-11-29,3,259,3,10,0,243
2024-11-29,2024-11-29,3,337,3,20,0,244
2024-11-21,2024-11-28,3,148,3,7,1,245
2024-11-28,2024-11-28,22,338,3,34,0,246
2024-11-29,2024-11-29,13,67,3,11,0,247
2024-11-26,2024-11-26,13,129,3,12,0,248
2024-11-25,2024-11-27,13,317,3,9,0,249
2024-11-25,2024-11-29,16,339,3,21,0,250
2024-11-19,2024-11-19,5,340,3,6,0,251
2024-11-20,2024-11-21,4,341,3,49,0,252
2024-11-22,2024-11-22,10,342,3,13,0,253
2024-11-23,2024-11-23,7,305,3,20,0,254
2024-11-22,2024-11-23,7,199,3,176,0,255
2024-11-21,2024-11-21,7,305,3,18,0,256
2024-11-19,2024-11-21,7,293,3,9,0,257
2024-11-19,2024-11-19,7,305,3,17,0,258
2024-11-18,2024-11-19,7,297,3,33,0,259
2024-11-15,2024-11-20,7,293,3,12,0,260
2024-11-23,2024-11-23,13,272,3,14,0,261
2024-11-18,2024-11-18,13,312,3,8,0,262
2024-11-12,2024-11-12,5,288,3,8,0,263
2024-11-11,2024-11-12,2,149,3,45,0,264
2024-11-13,2024-11-15,32,343,3,14,0,265
2024-11-14,2024-11-14,7,305,3,23,0,266
2024-11-13,2024-11-13,7,305,3,20,0,267
2024-11-12,2024-11-12,7,175,3,10,0,268
2024-11-07,,7,175,3,42,0,269
2024-11-04,,7,101,3,35,0,270
2024-11-10,2024-11-16,9,344,3,20,0,271
2024-11-13,2024-11-13,13,113,3,12,0,272
2024-11-13,2024-11-13,13,113,3,15,0,273
2024-11-12,2024-11-13,13,280,3,6,0,274
2024-11-07,2024-11-08,10,217,3,241,0,275
2024-11-06,2024-11-06,7,305,3,38,0,276
2024-11-05,2024-11-05,7,305,3,16,0,277
2024-11-04,2024-11-04,7,305,3,12,0,278
2024-11-06,2024-11-06,3,259,3,12,0,279
2024-10-23,,3,298,3,16,0,280
2024-11-08,2024-11-09,13,63,3,17,0,281
2024-11-07,2024-11-08,13,113,3,7,0,282
2024-11-06,2024-11-06,13,204,3,18,0,283
2024-11-05,2024-11-05,13,113,3,5,0,284
2024-10-28,2024-10-29,5,10,3,3,0,285
2024-10-28,2024-10-29,25,243,4,3,0,286
2024-10-29,2024-11-01,7,175,3,7,0,287
2024-10-28,2024-10-28,7,305,3,26,0,288
2024-10-26,2024-10-29,7,175,3,8,0,289
2024-10-11,,3,298,3,26,1,290
2024-11-01,2024-11-02,13,312,3,8,0,291
2024-10-30,2024-11-02,13,268,3,6,0,292
2024-10-19,2024-10-21,4,345,3,10,0,293
2024-10-25,2024-10-25,11,256,3,12,0,294
2024-10-21,2024-10-21,24,258,3,23,0,295
2024-10-22,2024-10-22,10,346,3,11,0,296
2024-10-25,2024-10-25,7,305,3,41,0,297
2024-10-24,2024-10-24,7,293,3,65,0,298
2024-10-20,2024-10-24,7,199,3,77,0,299
2024-08-23,,18,294,3,10,0,300
2024-10-21,2024-10-21,13,215,3,25,0,301
2024-10-17,2024-10-19,5,347,4,1,1,302
2024-10-16,2024-10-17,4,345,3,12,0,303
2024-10-16,2024-10-18,32,343,3,17,0,304
2024-10-16,2024-10-18,7,308,3,20,0,305
2024-10-15,2024-10-16,7,305,3,5,0,306
2024-10-16,2024-10-17,3,348,3,6,0,307
2024-08-30,,3,219,4,5,0,308
2024-10-17,2024-10-17,17,349,3,11,1,309
2024-10-01,,15,57,4,3,1,310
2024-10-01,,15,57,4,5,2,311
2024-10-18,2024-10-19,13,113,3,5,0,312
2024-10-10,2024-10-10,3,298,3,15,0,313
2024-09-10,2024-10-10,22,350,3,35,0,314
2024-09-12,,24,258,3,20,0,315
2024-10-03,2024-10-04,7,199,3,16,0,316
2024-09-27,2024-10-03,7,101,3,18,0,317
2024-09-09,,22,351,3,23,0,318
2024-09-12,,9,332,4,17,1,319
2024-09-25,2024-09-28,7,175,3,1,0,320
2024-09-26,2024-09-27,17,352,3,24,0,321
2024-09-25,2024-09-26,13,290,3,6,0,322
2024-09-25,2024-09-26,13,204,3,14,0,323
2024-09-21,2024-09-23,13,290,3,11,0,324
2024-09-16,2024-09-16,26,353,3,2,0,325
2024-09-16,2024-09-18,7,287,3,1,0,326
2024-09-15,2024-09-16,7,287,6,1,1,327
2024-09-17,2024-09-17,3,31,3,15,0,328
2024-09-18,2024-09-19,13,312,3,7,0,329
2024-09-11,2024-09-11,32,343,3,50,0,330
2024-09-10,2024-09-11,7,308,3,19,0,331
2024-09-09,2024-09-09,6,354,3,30,0,332
2024-09-12,2024-09-13,13,215,3,41,0,333
2024-09-06,2024-09-06,5,100,3,8,0,334
2024-09-04,2024-09-04,4,355,3,9,0,335
2024-08-19,,32,356,3,4,0,336
2024-09-02,2024-09-03,7,308,3,21,0,337
2024-09-01,2024-09-03,9,267,3,5,0,338
2024-08-31,2024-09-02,13,104,3,8,0,339
2024-08-30,2024-09-03,13,165,3,13,0,340
2024-08-31,2024-08-31,5,357,4,1,1,341
2024-08-27,2024-08-28,4,355,3,6,0,342
2024-08-19,,7,175,3,110,0,343
2024-08-18,,7,175,3,46,0,344
2024-08-29,2024-08-30,35,358,3,49,0,345
2024-08-12,,9,267,3,16,0,346
2024-08-20,,21,359,3,28,0,347
2024-08-28,2024-08-28,13,113,3,26,0,348
2024-08-27,2024-08-27,13,204,3,12,0,349
2024-08-13,,30,360,3,7,0,350
2024-08-13,,4,361,3,11,0,351
2024-08-13,,4,361,3,6,0,352
2024-08-13,,4,361,3,18,0,353
2024-08-20,2024-08-20,32,343,3,18,0,354
2024-08-01,,22,309,5,1,0,355
2024-08-10,,18,294,3,25,0,356
2024-08-18,2024-08-19,9,362,4,1,1,357
2024-08-22,2024-08-24,13,326,3,16,0,358
2024-08-22,2024-08-22,13,63,3,36,0,359
2024-08-21,2024-08-23,13,291,3,15,0,360
2024-08-17,2024-08-19,13,317,3,6,0,361
2024-08-16,2024-08-19,13,204,3,9,0,362
2024-08-03,,16,363,4,17,4,363
2024-08-16,2024-08-16,32,343,3,12,0,364
2024-08-16,2024-08-18,7,305,3,35,0,365
2024-08-14,2024-08-14,13,63,3,16,0,366
2024-08-07,2024-08-07,5,364,3,11,0,367
2024-08-03,2024-08-06,32,365,3,35,0,368
2024-08-10,2024-08-10,24,270,3,10,0,369
2024-08-05,2024-08-05,1,366,3,18,0,370
2024-08-08,2024-08-09,13,367,3,14,0,371
2024-08-08,2024-08-08,13,112,3,23,0,372
2024-08-07,2024-08-08,13,279,3,5,0,373
2024-08-06,2024-08-07,13,273,3,8,0,374
2024-08-06,2024-08-07,13,18,3,26,0,375
2024-07-20,,13,204,3,26,0,376
2024-07-30,2024-07-30,7,7,3,10,0,377
2024-07-25,,22,351,3,13,1,378
2024-07-19,,22,350,3,21,0,379
2024-07-31,2024-08-01,18,58,3,40,0,380
2024-08-02,2024-08-02,13,204,3,21,0,381
2024-08-02,2024-08-02,13,325,3,9,0,382
2024-08-01,2024-08-03,13,317,3,16,0,383
2024-07-31,2024-08-01,13,63,3,11,0,384
2024-07-26,2024-07-26,2,53,3,10,0,385
2024-07-25,2024-07-27,2,368,3,1,0,386
2024-07-22,2024-07-24,2,313,3,2,0,387
2024-07-25,2024-07-25,4,355,3,2,0,388
2024-07-23,2024-07-23,32,369,3,59,0,389
2024-07-25,2024-07-26,7,297,3,23,0,390
2024-07-25,2024-07-26,7,297,3,117,0,391
2024-07-23,2024-07-24,7,175,2,19,0,392
2024-07-20,2024-07-22,7,287,6,1,1,393
2024-07-19,2024-07-25,7,308,3,15,0,394
2024-07-23,2024-07-25,22,106,3,94,0,395
2024-07-22,2024-07-23,9,333,3,16,0,396
2024-07-16,2024-07-22,9,267,3,17,0,397
2024-07-22,2024-07-25,17,370,3,5,0,398
2024-07-25,2024-07-26,13,67,3,16,0,399
2024-07-22,2024-07-24,13,104,3,14,0,400
2024-07-22,2024-07-23,13,113,3,20,0,401
2024-07-22,2024-07-23,13,113,3,9,0,402
2024-07-22,2024-07-22,13,312,3,31,0,403
2024-07-20,2024-07-22,13,74,4,8,0,404
2024-07-21,2024-07-23,12,371,3,16,0,405
2024-07-18,2024-07-19,11,256,3,8,0,406
2024-07-17,2024-07-17,32,372,3,6,0,407
2024-07-17,2024-07-17,7,293,3,23,0,408
2024-07-08,2024-07-19,7,297,3,18,0,409
2024-07-18,2024-07-20,9,362,3,28,0,410
2024-07-16,2024-07-17,12,371,3,11,0,411
2024-07-09,2024-07-11,5,364,3,10,0,412
2024-07-11,2024-07-12,4,355,3,11,0,413
2024-07-05,2024-07-09,32,365,3,7,0,414
2024-07-04,,7,101,3,8,0,415
2024-06-27,,6,373,3,9,0,416
2024-07-09,2024-07-09,9,36,3,22,0,417
2024-06-14,,9,374,4,10,0,418
2024-07-11,2024-07-12,16,146,3,7,0,419
2024-07-05,2024-07-09,16,30,3,4,0,420
2024-06-15,2024-07-09,16,375,3,6,0,421
2024-06-04,2024-07-09,16,375,3,17,0,422
2024-07-01,2024-07-01,32,369,3,11,0,423
2024-06-26,2024-07-05,32,356,3,13,0,424
2024-06-20,,24,258,3,8,0,425
2024-06-29,2024-07-06,7,297,3,11,0,426
2024-06-26,2024-07-06,7,297,3,13,0,427
2024-07-04,2024-07-05,22,106,3,72,0,428
2024-06-26,2024-06-27,2,313,3,9,0,429
2024-06-26,2024-06-26,32,372,3,26,0,430
2024-06-24,2024-06-24,1,376,4,9,0,431
2024-06-26,2024-06-30,22,377,3,15,0,432
2024-06-17,2024-06-17,26,378,3,7,0,433
2024-06-19,2024-06-19,5,379,4,1,1,434
2024-06-18,2024-06-18,5,380,3,56,0,435
2024-06-20,2024-06-20,32,372,3,14,0,436
2024-06-19,2024-06-20,24,275,3,13,0,437
2024-06-14,2024-06-21,24,381,3,6,0,438
2024-06-20,2024-06-21,35,358,3,62,0,439
2024-06-09,,22,382,3,30,0,440
2024-06-19,2024-06-20,9,274,4,6,0,441
2024-06-17,2024-06-18,9,274,4,1,1,442
2024-05-22,,16,328,3,7,0,443
2024-06-11,2024-06-11,26,383,3,10,0,444
2024-06-10,2024-06-11,32,384,3,10,0,445
2024-06-10,2024-06-10,24,329,3,28,0,446
2024-06-08,2024-06-10,24,329,3,30,0,447
2024-06-07,2024-06-12,7,308,3,7,0,448
2024-06-01,,3,385,3,5,0,449
2024-06-11,2024-06-13,9,362,4,10,5,450
2024-06-07,2024-06-10,9,274,4,5,0,451
2024-05-22,,2,170,3,3,0,452
2024-05-31,2024-06-03,32,386,3,10,0,453
2024-06-07,2024-06-08,24,329,3,40,0,454
2024-06-04,2024-06-04,24,258,3,15,0,455
2024-05-23,,24,387,3,14,0,456
2024-06-06,2024-06-07,3,337,3,7,0,457
2024-06-05,2024-06-07,3,219,3,11,0,458
2024-06-07,2024-06-07,22,106,3,28,0,459
2024-06-06,2024-06-07,22,106,3,100,0,460
2024-06-06,2024-06-07,9,274,4,5,0,461
2024-06-03,2024-06-03,9,362,3,7,0,462
2024-06-01,2024-06-04,9,333,3,12,0,463
2024-06-03,2024-06-05,31,388,3,32,0,464
2024-05-28,2024-05-31,5,389,3,5,0,465
2024-05-28,2024-05-28,2,269,3,11,0,466
2024-05-28,2024-05-29,4,323,3,62,0,467
2024-06-01,2024-06-01,24,270,3,8,0,468
2024-05-27,2024-05-28,10,228,1,1,1,469
2024-05-29,2024-05-29,3,390,3,6,0,470
2024-05-26,2024-05-27,3,391,3,5,0,471
2024-06-01,2024-06-01,9,344,3,16,0,472
2024-05-28,2024-05-29,9,274,4,5,0,473
2024-05-24,2024-05-28,28,392,3,25,0,474
2024-01-29,2024-05-30,16,393,3,9,0,475
2024-05-22,2024-05-22,26,140,3,5,0,476
2024-05-20,2024-05-20,5,364,3,6,0,477
2024-05-22,2024-05-22,32,365,3,10,0,478
2024-05-20,2024-05-20,32,252,3,23,0,479
2024-05-22,2024-05-22,24,276,3,20,0,480
2024-05-18,2024-05-22,24,303,3,5,0,481
2024-05-17,2024-05-21,3,260,3,8,0,482
2024-03-27,,3,394,3,13,0,483
2024-05-23,2024-05-24,6,395,3,30,0,484
2024-04-25,,22,351,3,21,0,485
2024-05-21,2024-05-23,17,370,3,8,0,486
2024-05-13,,16,96,3,9,0,487
2024-05-18,2024-05-18,26,383,3,4,0,488
2024-05-13,2024-05-13,26,140,3,5,0,489
2024-05-17,2024-05-17,5,379,3,21,0,490
2024-05-16,2024-05-17,5,396,3,5,0,491
2024-05-15,2024-05-15,5,255,3,10,0,492
2024-05-11,2024-05-14,2,39,3,13,0,493
2024-04-24,,2,295,3,3,0,494
2024-05-18,2024-05-17,25,241,3,37,0,495
2024-05-10,2024-05-14,16,397,3,9,0,496
2024-04-10,,16,339,3,6,0,497
2024-04-02,,16,339,3,4,0,498
2024-04-12,,5,340,3,4,0,499
2024-05-04,2024-05-07,2,210,3,9,0,500
2024-04-22,,2,398,3,6,0,501
2024-04-30,2024-05-10,4,399,3,22,0,502
2024-05-10,2024-05-10,32,343,3,13,0,503
2024-05-08,2024-05-09,24,270,3,7,0,504
2024-05-04,2024-05-06,24,275,3,36,0,505
2024-05-08,2024-05-09,17,400,3,54,0,506
2024-05-04,2024-05-06,17,401,3,6,0,507
2024-04-24,,5,10,3,5,0,508
2024-04-23,2024-04-30,2,295,3,6,0,509
2024-05-02,2024-05-02,4,402,3,8,0,510
2024-04-29,2024-04-29,11,403,3,7,0,511
2024-03-19,,11,285,3,7,0,512
2024-05-03,2024-05-04,24,270,3,9,0,513
2024-04-25,2024-05-02,24,263,3,23,0,514
2024-05-01,2024-05-01,3,315,3,7,0,515
2024-05-01,2024-05-01,3,315,3,5,0,516
2024-04-30,2024-04-30,3,31,3,2,0,517
2024-04-24,,3,404,3,7,0,518
2024-04-04,2024-04-30,22,309,3,16,0,519
2024-04-29,2024-04-29,9,405,3,19,0,520
2024-05-02,2024-05-02,13,280,3,8,0,521
2024-04-29,2024-04-30,13,18,3,3,0,522
2024-04-23,2024-04-23,5,406,3,7,0,523
2024-04-23,2024-04-25,2,368,3,5,0,524
2024-04-23,2024-04-24,11,407,3,5,0,525
2024-04-23,2024-04-23,11,408,3,12,0,526
2024-04-22,2024-04-22,11,409,3,8,0,527
2024-04-24,2024-04-25,24,410,3,9,0,528
2024-04-22,2024-04-23,24,275,3,5,0,529
2024-04-22,2024-04-23,24,270,3,7,0,530
2024-04-21,2024-04-22,24,275,3,5,0,531
2024-04-19,2024-04-26,24,411,3,8,0,532
2024-04-18,,24,119,3,14,0,533
2024-04-17,,24,412,3,6,0,534
2024-03-26,,24,257,3,4,0,535
2024-04-25,2024-04-25,3,219,3,52,0,536
2024-04-24,2024-04-28,3,413,3,6,0,537
2024-04-24,2024-04-24,3,315,3,6,0,538
2024-04-22,2024-04-24,3,348,3,4,0,539
2024-04-21,2024-04-22,3,414,3,4,0,540
2024-04-23,2024-04-25,22,309,3,6,0,541
2024-04-02,,22,415,3,15,0,542
2024-04-22,2024-04-25,13,280,3,10,0,543
2024-04-26,2024-04-26,16,168,3,6,0,544
2024-04-01,,16,416,3,3,0,545
2024-04-11,2024-04-16,26,417,3,9,0,546
2024-04-05,,26,418,3,18,0,547
2024-04-16,2024-04-16,4,361,3,5,0,548
2024-04-10,,7,7,3,13,0,549
2024-04-19,2024-04-20,3,327,3,5,0,550
2024-04-16,2024-04-17,3,314,3,5,0,551
2024-03-30,,3,259,3,5,0,552
2024-04-13,2024-04-16,15,55,3,15,0,553
2024-04-15,2024-04-18,16,96,3,16,0,554
2024-04-09,2024-04-10,5,396,3,8,0,555
2024-04-09,2024-04-10,5,419,4,1,1,556
2024-03-11,,5,420,3,11,0,557
2024-04-10,2024-04-10,2,295,3,5,0,558
2024-04-08,2024-04-08,2,295,3,4,0,559
2024-04-09,2024-04-09,24,410,3,15,0,560
2024-04-06,2024-04-08,10,346,3,34,0,561
2024-04-13,2024-04-14,3,259,3,8,0,562
2024-04-08,2024-04-08,3,298,3,5,0,563
2024-04-07,2024-04-08,3,219,3,9,0,564
2024-04-08,2024-04-09,16,299,3,9,0,565
2024-04-06,2024-04-08,8,8,3,14,0,566
2024-04-02,2024-04-03,5,420,3,11,0,567
2024-04-01,2024-04-04,2,22,3,5,0,568
2024-03-16,,2,170,3,5,0,569
2024-04-03,2024-04-03,25,241,3,6,0,570
2024-04-06,2024-04-06,24,421,3,9,0,571
2024-04-03,2024-04-03,24,264,3,5,0,572
2024-04-01,2024-04-03,24,276,3,23,0,573
2024-03-30,2024-04-01,24,264,3,9,0,574
2024-03-26,2024-04-03,24,270,3,8,0,575
2024-04-02,2024-04-02,3,281,3,47,0,576
2024-03-21,,3,161,3,9,0,577
2024-04-02,2024-04-03,17,102,3,6,0,578
2024-04-01,2024-04-01,15,42,3,76,0,579
2024-04-04,2024-04-05,13,273,3,40,0,580
2024-03-27,2024-03-28,5,364,3,9,0,581
2024-03-20,2024-03-27,2,422,3,5,0,582
2024-03-15,,2,53,3,6,0,583
2024-03-30,2024-03-30,11,403,3,8,0,584
2024-03-30,2024-03-30,32,286,3,5,0,585
2024-03-27,2024-03-28,32,384,3,8,0,586
2024-03-23,,7,296,3,26,0,587
2024-03-30,2024-03-30,3,278,3,5,0,588
2024-03-27,2024-03-28,3,423,3,5,0,589
2024-03-25,2024-03-25,13,154,3,17,0,590
2024-03-23,,13,312,3,19,0,591
2024-03-19,2024-03-19,5,340,3,6,0,592
2024-03-18,2024-03-19,5,424,3,8,0,593
2024-03-21,2024-03-21,2,269,3,12,0,594
2024-03-20,2024-03-20,2,170,3,5,0,595
2024-03-19,2024-03-19,4,361,3,15,0,596
2024-03-14,,4,425,3,20,0,597
2024-03-07,,11,285,3,11,0,598
2024-03-20,2024-03-20,24,270,3,22,0,599
2024-03-19,2024-03-19,7,305,3,42,0,600
2024-03-18,2024-03-20,7,293,3,8,0,601
2024-03-20,2024-03-20,3,426,3,6,0,602
2024-03-21,2024-03-21,18,427,3,12,0,603
2024-03-20,2024-03-20,15,84,3,15,0,604
2024-03-23,2024-03-23,13,104,3,18,0,605
2024-03-22,2024-03-23,13,291,3,12,0,606
2024-03-21,2024-03-21,13,67,3,17,0,607
2024-03-21,2024-03-21,13,113,3,8,0,608
2024-03-21,2024-03-21,13,113,3,13,0,609
2024-03-20,2024-03-21,13,204,3,27,0,610
2024-03-19,2024-03-20,13,367,3,11,0,611
2024-03-14,2024-03-15,26,140,3,115,0,612
2024-03-16,2024-03-16,5,379,3,15,0,613
2024-03-14,2024-03-14,5,255,3,10,0,614
2024-03-11,2024-03-12,5,420,3,17,0,615
2024-03-11,2024-03-11,5,406,3,14,0,616
2024-03-15,2024-03-16,2,149,3,18,0,617
2024-03-14,2024-03-15,4,174,3,23,0,618
2024-03-13,2024-03-14,4,208,3,19,0,619
2024-03-13,2024-03-13,4,208,3,5,0,620
2024-02-20,,4,428,3,29,0,621
2024-03-11,2024-03-15,11,285,3,10,0,622
2024-03-10,2024-03-11,24,275,3,10,0,623
2024-03-14,2024-03-15,7,304,3,200,0,624
2024-03-14,2024-03-15,3,394,3,18,0,625
2024-03-11,2024-03-11,3,315,3,6,0,626
2024-03-11,2024-03-11,3,62,3,5,0,627
2024-03-08,2024-03-11,22,415,3,30,0,628
2024-03-13,2024-03-14,9,267,3,6,0,629
2024-03-13,2024-03-13,13,310,3,22,0,630
2024-03-11,2024-03-11,13,113,3,8,0,631
2024-02-09,,13,280,3,26,1,632
2024-03-05,2024-03-05,2,25,3,11,0,633
2024-03-01,2024-03-04,4,361,3,93,0,634
2024-02-23,,4,399,3,20,0,635
2024-03-05,2024-03-06,34,429,3,6,0,636
2024-01-24,2024-03-06,3,148,3,44,0,637
2024-03-06,2024-03-07,13,136,3,6,0,638
2024-03-05,2024-03-06,13,204,3,64,0,639
2024-03-05,2024-03-06,13,325,3,8,0,640
2024-03-04,2024-03-06,13,204,3,17,0,641
2024-02-21,,13,136,3,14,0,642
2024-02-29,2024-02-29,2,25,3,14,0,643
2024-02-28,2024-02-29,4,361,3,7,0,644
2024-02-27,2024-02-28,4,361,3,31,0,645
2024-02-26,2024-02-27,24,275,3,5,0,646
2024-02-25,2024-02-28,24,430,3,7,0,647
2024-03-01,2024-03-01,7,253,3,16,0,648
2024-02-28,2024-02-28,7,308,3,6,0,649
2024-02-28,2024-02-28,7,293,3,28,0,650
2024-02-27,2024-02-29,7,211,3,10,0,651
2024-01-24,,7,101,3,14,0,652
2024-03-01,2024-03-01,3,413,3,10,0,653
2024-02-29,2024-03-01,3,180,3,5,0,654
2024-02-29,2024-02-29,3,413,3,8,0,655
2024-02-27,2024-02-27,3,431,3,6,0,656
2024-02-26,2024-02-27,3,390,3,5,0,657
2024-02-19,,22,432,3,17,0,658
2024-03-01,2024-03-02,13,367,3,10,0,659
2024-02-28,2024-02-29,13,63,3,12,0,660
2024-02-26,2024-02-28,13,291,3,17,0,661
2024-02-23,2024-03-01,13,67,3,22,0,662
2024-02-20,,13,67,3,24,0,663
2024-02-23,2024-02-26,16,433,3,8,0,664
2024-02-15,,26,434,3,29,0,665
2024-02-22,2024-02-23,5,420,3,10,0,666
2024-02-19,2024-02-20,2,22,3,11,0,667
2024-02-13,,11,318,3,6,0,668
2024-02-20,2024-02-20,24,329,3,11,0,669
2024-02-22,2024-02-23,10,435,3,20,0,670
2024-02-15,2024-02-19,7,211,3,11,0,671
2024-02-19,2024-02-19,3,348,3,13,1,672
2024-02-18,2024-02-20,3,281,3,2,0,673
2024-02-17,2024-02-19,3,219,3,21,0,674
2024-02-12,,3,99,3,3,0,675
2024-02-22,2024-02-23,22,351,3,23,0,676
2024-02-20,2024-02-22,21,359,3,17,0,677
2024-02-21,2024-02-21,17,352,3,7,0,678
2024-02-23,2024-02-23,13,272,3,18,0,679
2024-02-21,2024-02-22,13,67,3,12,0,680
2024-02-20,2024-02-20,13,67,3,40,0,681
2024-02-17,2024-02-17,5,389,3,8,0,682
2024-02-13,2024-02-15,2,295,3,8,0,683
2024-02-10,2024-02-12,4,361,3,6,0,684
2024-02-09,2024-02-12,10,231,3,15,0,685
2024-02-16,2024-02-16,7,305,3,14,0,686
2024-02-15,2024-02-15,7,305,3,11,0,687
2024-02-12,2024-02-16,7,305,3,19,0,688
2024-02-15,2024-02-15,3,219,3,54,1,689
2024-02-14,2024-02-14,3,260,3,5,0,690
2024-02-13,2024-02-14,3,164,3,10,0,691
2024-02-13,2024-02-13,3,348,3,5,0,692
2024-02-10,2024-02-13,3,145,3,17,0,693
2024-02-13,2024-02-14,22,432,3,8,0,694
2024-02-16,2024-02-17,9,436,3,12,0,695
2024-02-12,2024-02-17,17,213,3,81,0,696
2024-02-13,2024-02-14,16,437,3,5,0,697
2024-02-10,2024-02-10,2,269,3,16,0,698
2023-12-22,,2,170,3,6,0,699
2024-02-04,2024-02-08,4,361,3,40,0,700
2024-01-29,,4,438,3,37,0,701
2024-02-06,2024-02-06,24,275,3,13,0,702
2024-01-09,,24,329,3,5,0,703
2024-02-09,2024-02-09,7,305,3,19,0,704
2024-02-08,2024-02-09,3,439,3,13,0,705
2024-02-06,2024-02-06,3,315,3,9,0,706
2024-02-02,2024-02-06,3,330,3,38,0,707
2024-02-02,2024-02-06,3,330,3,15,0,708
2024-02-02,2024-02-06,3,330,3,25,0,709
2024-02-06,2024-02-07,13,104,3,22,0,710
2024-02-06,2024-02-07,13,104,3,25,0,711
2024-01-22,,26,440,3,19,0,712
2024-01-31,2024-01-31,11,441,3,19,0,713
2024-02-02,2024-02-02,24,270,3,13,0,714
2024-01-30,2024-02-01,10,442,4,1,1,715
2024-02-02,2024-02-02,7,305,3,5,0,716
2024-01-31,2024-01-31,7,305,3,16,0,717
2024-02-04,2024-02-04,3,164,3,7,0,718
2024-02-01,2024-02-02,3,31,3,39,0,719
2024-02-01,2024-02-01,3,330,3,27,0,720
2024-01-31,2024-01-31,3,315,3,8,0,721
2024-01-31,2024-01-31,3,278,3,7,0,722
2024-01-01,,3,145,3,5,0,723
2024-01-12,,6,373,3,21,0,724
2024-01-29,2024-01-29,9,405,3,15,0,725
2024-02-01,2024-02-01,17,443,3,13,0,726
2024-02-02,2024-02-04,16,444,3,8,0,727
2023-12-29,2024-01-29,16,96,3,61,0,728
2024-01-25,2024-01-25,26,445,3,11,0,729
2024-01-26,2024-01-27,24,276,3,3,0,730
2024-01-28,2024-01-28,7,292,3,9,0,731
2024-01-25,2024-01-27,7,211,4,1,0,732
2024-01-23,2024-01-23,7,305,3,28,0,733
2024-01-22,2024-01-23,7,211,4,1,0,734
2024-01-15,,7,101,3,23,0,735
2024-01-25,2024-01-25,1,446,3,5,0,736
2024-01-15,,22,351,3,24,0,737
2024-01-08,,22,106,3,66,1,738
2024-01-25,2024-01-26,17,349,3,4,0,739
2024-01-24,2024-01-26,13,104,3,17,0,740
2024-01-22,2024-01-22,13,310,3,14,0,741
2024-01-09,,16,299,3,6,0,742
2024-01-17,2024-01-17,24,258,3,23,0,743
2024-01-20,2024-01-20,3,164,3,31,0,744
2024-01-18,2024-01-19,3,319,3,33,0,745
2024-01-13,2024-01-15,3,281,3,18,2,746
2024-01-12,2024-01-17,3,161,3,18,0,747
2024-01-10,,3,315,3,12,0,748
2024-01-08,,3,315,3,12,0,749
2024-01-19,2024-01-19,13,447,3,9,0,750
2024-01-01,2024-01-19,16,397,3,43,0,751
2024-01-11,2024-01-12,5,448,3,4,0,752
2024-01-06,2024-01-11,2,398,3,17,0,753
2024-01-05,2024-01-10,2,398,3,32,0,754
2024-01-12,2024-01-12,24,270,3,10,0,755
2024-01-12,2024-01-12,7,292,3,18,0,756
2024-01-06,2024-01-12,3,315,3,12,0,757
2024-01-12,2024-01-12,13,215,3,15,0,758
2024-01-08,2024-01-10,16,433,3,5,0,759
2023-12-30,2024-01-02,5,449,3,6,0,760
2024-01-06,2024-01-06,2,295,3,8,0,761
2023-12-28,2024-01-04,7,101,3,28,0,762
2023-12-28,2024-01-04,7,101,3,2,0,763
2024-01-03,2024-01-04,3,298,3,6,0,764
2023-12-23,2024-01-02,3,450,3,9,0,765
2023-12-05,2024-01-05,3,394,3,15,0,766
2024-01-01,2024-01-03,12,451,3,51,0,767
2023-12-10,,2,398,3,18,0,768
2023-12-04,,2,398,3,7,0,769
2023-11-27,2023-12-27,10,435,3,19,0,770
2023-12-17,2023-12-19,4,425,3,20,0,771
2023-12-15,2023-12-22,4,355,3,21,0,772
2023-12-18,2023-12-19,32,356,3,15,0,773
2023-12-19,2023-12-19,10,452,3,12,0,774
2023-12-19,2023-12-19,10,214,3,43,0,775
2023-12-20,2023-12-20,7,297,3,18,0,776
2023-12-19,2023-12-20,3,259,3,7,0,777
2023-12-17,2023-12-18,3,259,3,5,0,778
2023-12-16,2023-12-19,3,278,3,9,0,779
2023-12-16,2023-12-18,1,189,3,9,0,780
2023-12-20,2023-12-21,13,104,3,6,0,781
2023-12-21,2023-12-23,16,84,3,10,0,782
2023-12-19,2023-12-21,16,306,3,11,0,783
2023-12-14,,16,453,3,22,0,784
2023-12-13,,16,453,3,29,0,785
2023-12-16,2023-12-16,5,454,3,11,0,786
2023-09-12,2023-12-16,2,455,3,5,0,787
2023-06-12,2023-11-12,2,197,3,28,0,788
2023-04-12,,2,455,3,5,0,789
2023-12-14,2023-12-15,24,270,3,2,0,790
2023-11-16,,10,435,3,14,0,791
2023-12-13,2023-12-14,7,199,3,7,0,792
2023-11-12,2023-12-12,7,101,3,24,0,793
2023-07-12,2023-11-12,7,293,3,9,0,794
2023-12-12,2023-12-14,3,404,3,20,0,795
2023-12-13,2023-12-13,15,78,3,60,0,796
2023-12-15,2023-12-16,13,113,3,11,0,797
2023-11-09,,2,295,3,5,0,798
2023-11-07,,7,305,3,12,0,799
2023-11-24,2023-11-28,5,151,3,34,0,800
2023-11-09,,5,449,3,9,0,801
2023-10-25,,2,295,3,8,0,802
2023-11-29,2023-11-30,24,275,3,12,0,803
2023-11-28,2023-11-30,7,293,3,32,0,804
2023-11-25,2023-11-27,13,104,3,10,0,805
2023-11-20,,16,328,3,5,0,806
2023-11-21,2023-11-21,4,399,3,5,0,807
2023-11-22,2023-11-23,10,230,3,11,0,808
2023-11-21,2023-11-21,10,223,3,7,0,809
2023-11-22,2023-11-25,7,199,3,5,0,810
2023-11-20,2023-11-23,7,308,3,10,0,811
2023-11-14,,3,161,3,5,0,812
2023-11-19,2023-11-24,16,453,3,7,0,813
2023-11-17,2023-11-21,16,306,3,10,0,814
2023-11-01,,16,306,3,5,0,815
2023-11-06,,5,449,3,6,0,816
2023-11-14,2023-11-15,32,343,3,8,0,817
2023-11-16,2023-11-16,24,410,3,7,0,818
2023-11-11,2023-11-14,3,298,3,6,0,819
2023-11-05,2023-11-14,16,397,3,14,0,820
2023-11-08,2023-11-10,5,301,3,6,0,821
2023-11-10,2023-11-10,24,276,3,7,0,822
2023-11-04,2023-11-06,24,264,3,10,0,823
2023-11-07,2023-11-08,3,456,3,14,0,824
2023-11-04,2023-11-07,6,457,3,9,0,825
2023-11-02,2023-11-03,32,372,3,14,0,826
2023-10-27,2023-11-02,7,305,3,74,0,827
2023-10-04,2023-11-04,7,305,3,11,0,828
2023-11-02,2023-11-02,3,426,3,5,0,829
2023-11-02,2023-11-03,13,273,3,15,0,830
2023-10-26,2023-10-27,11,407,4,1,1,831
2023-10-26,2023-10-26,16,328,3,30,0,832
2023-09-13,,2,295,3,10,0,833
2023-10-19,2023-10-19,25,235,4,8,4,834
2023-10-21,2023-10-22,32,252,3,11,0,835
2023-10-18,2023-10-18,7,305,3,10,0,836
2023-10-13,2023-10-16,7,287,3,15,0,837
2023-09-20,,7,101,3,34,0,838
2023-09-27,,3,219,3,9,0,839
2023-10-19,2023-10-20,9,274,3,6,0,840
2023-10-13,2023-10-16,17,370,3,44,0,841
2023-10-11,2023-10-11,32,369,3,30,0,842
2023-10-10,2023-10-10,10,435,3,28,0,843
2023-10-10,2023-10-10,7,297,3,27,0,844
2023-10-12,2023-10-13,3,281,4,1,1,845
2023-10-05,,22,266,3,9,0,846
2023-10-12,2023-10-12,17,458,3,22,0,847
2023-10-05,2023-10-05,32,252,3,8,0,848
2023-10-04,2023-10-06,7,199,4,2,0,849
2023-10-06,2023-10-06,3,459,3,5,0,850
2023-09-27,2023-09-29,2,149,3,13,0,851
2023-09-19,,32,286,3,5,0,852
2023-09-29,2023-09-30,10,346,3,12,0,853
2023-09-25,2023-09-25,10,109,3,10,0,854
2023-09-29,2023-09-29,7,101,3,36,0,855
2023-09-19,,22,266,3,16,0,856
2023-09-18,2023-09-20,5,406,3,27,0,857
2023-09-16,2023-09-18,5,406,3,5,1,858
2023-09-16,2023-09-18,32,460,3,26,0,859
2023-08-28,,9,333,3,36,0,860
2023-08-29,,2,398,3,7,0,861
2023-07-18,2023-09-16,2,39,3,14,0,862
2023-09-08,2023-09-12,32,461,3,15,0,863
2023-08-14,,32,343,3,11,0,864
2023-09-15,2023-09-15,24,276,3,17,0,865
2023-09-08,2023-09-14,7,292,3,14,0,866
2023-08-25,,7,305,3,15,0,867
2023-06-30,,7,253,6,6,2,868
2023-09-14,2023-09-14,3,315,3,6,0,869
2023-09-12,2023-09-14,6,457,3,0,0,870
2023-09-14,2023-09-15,22,106,3,63,0,871
2023-09-14,2023-09-15,9,267,3,36,0,872
2023-09-05,2023-09-05,32,343,3,16,0,873
2023-09-01,2023-09-04,24,430,3,12,0,874
2023-07-24,,7,305,3,11,0,875
2023-08-18,,3,161,3,27,0,876
2023-08-06,,3,450,3,6,0,877
2023-09-05,2023-09-07,16,462,3,11,0,878
2023-08-30,,16,96,3,16,0,879
2023-08-31,2023-09-01,32,460,3,7,0,880
2023-08-28,2023-08-29,32,463,3,22,0,881
2023-08-28,2023-08-29,32,463,3,31,0,882
2023-08-25,2023-08-28,32,463,3,18,0,883
2023-07-18,,7,211,4,2,0,884
2023-08-28,2023-09-02,3,180,4,1,1,885
2023-08-28,2023-08-29,3,314,3,5,0,886
2023-08-30,2023-08-31,22,106,3,41,0,887
2023-08-24,2023-08-25,32,460,3,6,0,888
2023-08-22,2023-08-22,32,252,3,13,0,889
2023-08-16,,32,464,3,49,0,890
2023-08-20,2023-08-23,16,339,3,12,0,891
2023-08-17,2023-08-17,4,355,3,10,0,892
2023-08-19,2023-08-19,32,464,3,65,0,893
2023-08-19,2023-08-19,32,460,3,6,0,894
2023-08-18,2023-08-18,32,252,3,16,0,895
2023-08-16,2023-08-17,32,372,3,20,0,896
2023-07-19,2023-08-19,32,372,3,7,0,897
2023-07-19,2023-08-19,32,372,3,17,0,898
2023-08-17,2023-08-17,10,207,3,6,0,899
2023-08-15,2023-08-18,13,104,4,4,0,900
2023-08-15,2023-08-17,13,178,3,10,0,901
2023-08-11,2023-08-11,32,372,3,29,0,902
2023-08-11,2023-08-11,24,387,3,7,0,903
2023-07-28,2023-07-31,5,448,3,6,0,904
2023-07-14,2023-08-03,2,398,3,10,0,905
2023-07-11,,2,398,3,8,2,906
2023-08-03,2023-08-03,13,178,3,17,0,907
2023-07-24,2023-07-25,2,25,3,11,0,908
2023-07-24,2023-07-24,32,252,3,13,0,909
2023-06-14,,32,465,3,2,0,910
2023-07-24,2023-07-24,24,303,3,15,0,911
2023-07-24,2023-07-24,24,387,3,13,0,912
2023-07-08,,13,67,3,15,0,913
2023-07-24,2023-07-26,16,416,3,10,0,914
2023-07-17,,16,466,3,8,0,915
2023-07-21,2023-07-22,26,383,3,40,0,916
2023-07-18,2023-07-18,5,406,3,9,0,917
2023-07-15,2023-07-24,25,243,3,22,0,918
2023-07-20,2023-07-20,32,460,3,13,0,919
2023-07-15,2023-07-22,32,286,3,10,0,920
2023-07-22,2023-07-22,24,329,3,5,0,921
2023-07-21,2023-07-21,24,467,3,6,0,922
2023-07-18,2023-07-18,24,387,3,5,0,923
2023-07-17,2023-07-20,24,264,3,6,0,924
2023-07-14,2023-07-15,13,67,3,14,0,925
2023-07-08,2023-07-13,5,468,3,11,0,926
2023-07-15,2023-07-15,32,252,3,40,0,927
2023-06-13,,32,252,3,21,0,928
2023-07-14,2023-07-15,24,270,3,27,0,929
2023-07-13,2023-07-15,24,264,3,5,0,930
2023-07-08,2023-07-10,7,297,3,27,0,931
2023-05-04,,8,469,4,2,0,932
2023-07-04,2023-07-04,26,335,3,11,0,933
2023-05-28,,5,255,3,6,0,934
2023-07-05,2023-07-05,25,243,3,22,0,935
2023-07-04,2023-07-04,32,372,3,11,0,936
2023-07-07,2023-07-07,24,270,3,12,0,937
2023-07-06,2023-07-06,3,423,3,7,0,938
2023-07-05,2023-07-06,13,165,3,5,0,939
2023-06-13,,16,470,3,12,0,940
2023-06-25,2023-06-27,5,364,3,8,0,941
2023-06-28,2023-06-30,2,368,3,8,0,942
2023-06-12,,2,170,3,4,0,943
2023-07-01,2023-07-01,32,372,3,10,0,944
2023-07-01,2023-07-01,24,276,3,6,0,945
2023-07-01,2023-07-01,10,109,3,28,0,946
2023-06-22,2023-06-26,7,287,3,1,0,947
2023-06-15,,35,358,3,52,0,948
2023-06-27,2023-06-27,3,390,3,6,0,949
2023-06-26,2023-06-26,3,259,3,8,0,950
2023-06-16,,3,471,3,2,0,951
2023-06-27,2023-06-28,16,328,3,5,0,952
2023-06-27,2023-06-28,16,472,3,16,1,953
2023-06-19,2023-06-20,26,418,3,17,0,954
2023-06-21,2023-06-22,5,406,3,22,0,955
2023-06-20,2023-06-20,2,455,3,7,0,956
2023-06-19,2023-06-21,2,137,3,8,0,957
2023-06-16,2023-06-20,2,313,3,11,0,958
2023-06-22,2023-06-23,32,460,3,14,0,959
2023-06-21,2023-06-21,32,460,3,10,0,960
2023-06-23,2023-06-23,24,329,3,7,0,961
2023-06-22,2023-06-23,24,119,3,5,0,962
2023-06-22,2023-06-23,24,275,3,21,0,963
2023-06-16,2023-06-23,24,473,3,5,0,964
2023-06-16,2023-06-19,24,264,3,14,0,965
2023-06-18,2023-06-22,3,219,3,7,0,966
2023-06-05,,13,165,3,33,0,967
2023-05-02,,11,407,3,16,0,968
2023-06-05,2023-06-05,3,164,3,6,1,969
2023-05-16,,16,328,3,3,0,970
2023-05-24,,5,396,3,8,0,971
2023-05-23,,24,270,3,11,0,972
2023-04-01,,7,297,3,29,0,973
2023-06-01,2023-06-01,17,111,3,3,0,974
2023-05-24,,17,111,3,5,0,975
2023-04-15,,11,124,3,8,0,976
2023-04-05,,11,124,3,10,0,977
2023-05-23,2023-05-23,24,329,3,7,0,978
2023-05-24,2023-05-29,7,253,3,1,0,979
2023-04-22,2023-05-22,3,3,3,9,0,980
2023-05-28,2023-06-01,9,274,4,7,0,981
2023-05-19,2023-05-23,16,474,3,6,0,982
2023-04-10,,11,124,3,6,0,983
2023-05-01,,32,356,3,4,0,984
2023-04-29,,7,199,6,117,0,985
2023-05-10,,16,328,3,22,0,986
2023-05-10,2023-05-11,24,276,3,5,0,987
2023-04-26,,5,475,3,5,0,988
2023-03-20,,5,396,5,2,0,989
2023-04-03,,11,124,3,6,0,990
2023-04-01,,24,257,3,7,0,991
2023-04-28,2023-05-02,3,431,3,6,0,992
2023-04-23,,22,106,3,23,0,993
2023-04-30,2023-05-02,9,274,4,5,0,994
2023-04-30,2023-05-01,16,433,3,3,0,995
2023-04-05,,24,264,3,11,0,996
2023-04-04,,24,264,3,21,0,997
2023-04-25,2023-04-26,10,435,3,13,0,998
2023-04-24,2023-04-25,22,106,3,25,0,999
2023-04-15,2023-04-17,24,270,3,14,0,1000
2023-04-18,2023-04-18,10,476,3,7,0,1001
2023-04-12,,10,214,3,61,0,1002
2023-03-24,,10,477,3,14,1,1003
2023-03-18,2023-04-21,10,217,3,15,0,1004
2023-03-15,,24,270,3,19,0,1005
2023-03-28,,16,478,3,12,0,1006
2023-03-21,,5,301,3,8,0,1007
2023-04-05,2023-04-06,4,425,3,12,0,1008
2023-04-03,2023-04-04,4,208,3,19,0,1009
2023-04-03,2023-04-03,22,309,3,16,0,1010
2023-04-06,2023-04-06,17,289,3,5,0,1011
2023-03-29,2023-04-06,17,111,3,11,0,1012
2023-03-17,,16,444,3,23,0,1013
2023-01-24,,2,269,3,28,0,1014
2023-03-29,2023-03-31,10,435,3,24,0,1015
2023-03-27,2023-03-31,10,442,3,14,0,1016
2023-03-23,2023-03-28,10,479,3,19,0,1017
2023-03-13,,7,305,3,12,0,1018
2023-01-19,,1,46,3,8,0,1019
2023-01-19,,1,46,3,5,0,1020
2023-03-15,,9,267,3,18,0,1021
2023-03-04,,9,267,3,20,0,1022
2023-02-24,,4,480,3,15,0,1023
2023-03-16,,24,270,3,36,0,1024
2023-03-20,2023-03-21,10,435,3,10,0,1025
2023-02-06,,10,232,3,25,0,1026
2023-03-10,,9,481,3,12,0,1027
2023-03-14,2023-03-15,4,482,3,14,0,1028
2023-03-14,2023-03-17,24,430,3,12,0,1029
2023-02-12,,7,211,3,12,0,1030
2023-03-04,,3,164,3,10,0,1031
2023-02-20,2023-02-20,7,293,3,1,0,1032
2022-12-19,,8,483,3,64,0,1033
2023-01-23,2023-01-23,10,477,3,13,0,1034
2023-02-19,,7,293,6,75,0,1035
2023-02-18,,7,175,6,581,0,1036
2023-01-29,,7,305,3,10,0,1037
2023-02-18,,3,203,3,14,0,1038
2023-01-30,2023-01-30,1,93,3,7,0,1039
2023-02-10,2023-02-10,9,405,3,28,0,1040
2023-01-31,,2,197,3,17,0,1041
2023-01-23,2023-01-23,2,202,3,12,0,1042
2023-01-23,2023-01-23,4,480,3,11,0,1043
2023-02-08,,24,264,3,5,0,1044
2023-02-06,,10,228,3,19,0,1045
2023-01-06,2023-01-06,7,287,3,1,0,1046
2023-01-13,2023-01-13,1,183,3,3,0,1047
2023-02-16,2023-02-17,5,448,3,20,0,1048
2023-02-09,,10,228,3,60,0,1049
2023-03-01,2023-03-02,13,63,3,13,0,1050
2023-01-10,2023-01-11,4,484,3,12,0,1051
2023-02-07,2023-02-08,24,275,3,3,0,1052
2023-02-08,2023-02-09,10,92,3,29,0,1053
2023-01-12,2023-01-13,1,183,3,3,0,1054
2023-01-08,,22,377,3,1,0,1055
2023-01-12,2023-01-13,4,480,3,48,0,1056
2023-01-09,2023-01-11,4,484,3,15,0,1057
2023-01-09,2023-01-10,4,425,3,89,0,1058
2023-02-11,2023-02-13,24,276,3,17,0,1059
2023-02-21,2023-02-23,10,435,3,10,0,1060
2023-02-11,2023-02-13,10,114,4,1,1,1061
2023-01-15,,10,452,3,24,0,1062
2023-02-27,2023-03-02,7,305,3,22,0,1063
2023-01-05,2023-01-06,7,297,3,16,0,1064
2023-02-25,2023-02-27,13,325,3,40,0,1065
2023-01-04,2023-01-05,16,328,3,11,0,1066
2022-12-17,,11,485,3,5,0,1067
2023-02-03,2023-02-07,10,228,3,29,0,1068
2023-01-03,,5,340,3,12,0,1069
2023-02-25,2023-03-02,2,82,3,6,0,1070
2022-12-30,,1,82,3,14,0,1071
2023-01-09,,16,96,3,11,0,1072
2023-01-05,,16,486,3,10,0,1073
2023-01-03,,16,299,3,17,0,1074
2023-01-01,,16,84,3,18,0,1075
2022-12-28,2023-01-05,24,257,3,34,4,1076
2023-02-04,2023-02-09,10,223,3,13,0,1077
2023-03-02,2023-03-09,7,101,6,220,0,1078
2023-01-01,,7,253,3,64,0,1079
2022-12-08,,1,46,3,8,0,1080
2022-12-29,2023-01-05,16,328,3,29,0,1081
2022-12-05,,16,487,3,5,0,1082
2022-12-18,,8,488,3,5,0,1083
2022-12-17,,5,420,3,19,0,1084
2022-12-16,,2,53,3,23,0,1085
2022-12-08,,2,269,3,20,0,1086
2023-01-25,2023-02-06,4,323,3,21,0,1087
2023-01-21,2023-01-30,4,323,3,52,0,1088
2022-11-19,,11,124,3,12,0,1089
2022-10-15,,11,489,3,12,0,1090
2022-12-14,,24,258,3,12,0,1091
2023-02-04,2023-02-15,7,101,3,11,0,1092
2023-01-26,2023-02-16,7,305,3,19,0,1093
2023-01-26,2023-02-09,7,305,1,23,0,1094
2022-11-25,2023-01-06,7,287,3,2,0,1095
2022-11-14,2023-01-06,7,287,3,58,0,1096
2022-10-21,,3,164,4,2,1,1097
2023-01-22,2023-02-03,15,200,3,30,0,1098
2023-01-19,2023-02-03,15,200,3,32,0,1099
2022-12-14,,16,84,3,27,0,1100
2022-12-06,,16,444,3,19,0,1101
2022-11-23,,16,299,3,21,0,1102
2022-12-03,2022-12-20,25,245,3,7,0,1103
2022-12-26,2022-12-26,10,223,2,25,0,1104
2022-12-25,2022-12-29,10,223,3,12,0,1105
2022-12-19,2022-12-20,10,476,3,37,0,1106
2022-12-10,2022-12-22,10,223,2,16,0,1107
2022-11-01,,11,124,3,15,0,1108
2022-12-03,2022-12-20,25,245,3,7,0,1109
2022-12-19,2022-12-20,10,476,3,37,0,1110
2022-12-10,2022-12-22,10,223,2,16,0,1111
2022-12-02,,1,82,3,6,0,1112
2022-11-30,,21,490,3,15,0,1113
2022-12-09,,16,168,3,5,0,1114
2022-12-16,2022-12-17,10,435,3,12,0,1115
2022-12-12,2022-12-17,10,217,1,48,0,1116
2022-04-07,2022-12-08,2,295,3,6,0,1117
2022-12-04,2022-12-05,10,229,3,11,0,1118
2022-11-14,2022-12-09,7,287,3,28,0,1119
2022-11-13,2022-12-09,7,287,3,30,0,1120
2022-09-15,,16,491,4,10,0,1121
2022-10-23,2022-11-30,7,211,3,11,0,1122
2022-03-12,2022-03-12,3,431,3,11,0,1123
2022-10-11,2022-11-30,16,462,4,1,1,1124
2022-10-20,2022-12-04,12,492,3,5,0,1125
2022-11-25,2022-12-01,7,287,3,2,0,1126
2022-10-22,,2,269,3,14,0,1127
2022-11-15,2022-11-23,25,235,3,5,0,1128
2022-03-11,2022-07-11,10,114,4,1,1,1129
2022-10-19,,7,287,3,21,0,1130
2022-10-11,2022-10-11,13,104,7,22,0,1131
2022-10-31,2022-11-05,10,223,3,24,0,1132
2022-10-15,2022-10-31,16,328,4,1,1,1133
2022-10-05,,7,175,3,12,0,1134
2022-10-20,2022-10-28,13,272,3,15,0,1135
2022-10-20,2022-10-20,29,493,3,2,0,1136
2022-10-15,2022-10-15,7,305,3,21,0,1137
2022-10-12,,7,305,3,31,0,1138
2022-09-28,2022-10-03,7,304,3,1,0,1139
2022-08-27,,24,264,3,3,0,1140
2022-08-24,2022-09-22,24,264,3,4,0,1141
2022-09-14,,7,305,3,7,0,1142
2022-09-20,2022-09-20,1,366,3,19,0,1143
2022-09-09,,25,243,3,5,0,1144
2022-08-22,,25,243,3,19,0,1145
2022-08-08,2022-09-16,25,243,3,30,0,1146
2022-09-08,,10,217,3,11,0,1147
2022-09-07,,10,217,1,230,0,1148
2022-09-13,2022-09-15,16,494,4,4,4,1149
2022-08-28,2022-08-30,10,179,4,1,0,1150
2022-02-09,2022-03-09,10,193,4,1,0,1151
2022-08-31,2022-08-31,12,152,7,38,0,1152
2022-08-25,,12,495,1,110,0,1153
2022-08-24,,12,371,3,6,0,1154
2022-08-23,2022-08-23,32,369,3,6,0,1155
2022-08-20,2022-08-26,3,496,1,1,1,1156
2022-08-27,2022-08-28,16,462,4,1,0,1157
2022-08-22,2022-08-29,12,371,3,6,0,1158
2022-08-12,2022-08-15,13,204,3,7,0,1159
2022-07-29,,32,343,3,70,0,1160
2022-05-08,2022-09-08,17,102,3,6,0,1161
2022-07-10,,8,483,3,38,0,1162
2022-02-08,2022-03-08,18,58,3,20,0,1163
2022-07-19,,17,497,3,9,0,1164
2022-07-23,2022-07-25,24,270,3,22,0,1165
2022-07-20,,24,264,3,6,0,1166
2022-06-28,,7,305,3,10,0,1167
2022-06-25,,32,343,3,22,0,1168
2022-07-14,2022-07-14,7,287,3,2,0,1169
2022-07-14,2022-07-14,7,211,3,1,0,1170
2022-07-14,2022-07-14,7,7,3,1,0,1171
2022-07-14,2022-07-14,7,101,3,1,1,1172
2022-06-07,2022-07-07,25,243,3,8,0,1173
2022-02-07,2022-07-07,16,498,3,25,0,1174
2022-05-23,,25,243,3,18,0,1175
2022-06-24,2022-06-29,24,257,3,2,0,1176
2022-06-27,2022-06-28,3,161,3,3,0,1177
2022-05-14,,16,499,3,5,0,1178
2022-05-12,,16,499,3,15,0,1179
2022-04-13,,16,499,3,3,0,1180
2022-06-25,2022-05-27,7,297,3,11,0,1181
2022-06-12,2022-06-13,32,461,3,13,0,1182
2022-04-30,,1,500,3,30,0,1183
2022-06-18,2022-06-18,13,104,3,8,0,1184
2022-05-22,,5,100,3,5,0,1185
2022-08-06,2022-09-06,32,372,2,18,0,1186
2022-06-06,2022-06-06,32,369,2,32,0,1187
2022-04-06,2022-11-06,7,199,3,5,0,1188
2022-05-05,,3,62,5,1,0,1189
2022-04-06,2022-07-06,3,148,3,5,0,1190
2022-05-26,2022-10-06,27,501,3,10,0,1191
2022-05-23,2022-06-06,25,243,3,18,0,1192
2022-05-31,2022-06-01,32,460,3,14,0,1193
2022-05-05,2022-06-05,15,200,3,11,0,1194
2022-01-06,2022-02-06,16,168,3,5,0,1195
2022-05-26,2022-05-27,32,463,3,11,0,1196
2022-05-22,2022-05-23,32,365,3,18,0,1197
2022-05-23,2022-05-23,24,275,3,18,0,1198
2022-05-21,2022-05-23,24,502,3,7,0,1199
2022-05-07,,24,270,3,15,0,1200
2022-05-04,,7,199,4,1,0,1201
2022-05-24,2022-05-24,3,431,3,4,0,1202
2022-05-22,2022-05-28,9,274,3,10,0,1203
2022-05-23,2022-05-24,17,370,3,6,0,1204
2022-05-17,2022-05-19,26,503,3,36,0,1205
2022-05-15,2022-05-17,5,10,3,9,0,1206
2022-05-18,2022-05-19,32,372,3,10,0,1207
2022-05-13,2022-05-16,7,297,3,36,0,1208
2022-05-18,2022-05-20,17,43,3,16,0,1209
2022-05-14,2022-05-18,16,168,3,5,0,1210
2022-05-14,2022-05-17,25,245,3,3,0,1211
2022-05-13,2022-05-14,32,464,3,10,0,1212
2022-04-28,,32,343,3,81,0,1213
2022-04-28,,32,343,3,32,0,1214
2022-04-28,,32,372,1,10,0,1215
2022-11-05,2022-11-05,24,275,3,28,0,1216
2022-05-04,,24,410,3,6,0,1217
2022-05-02,,24,381,3,35,0,1218
2022-04-28,,10,223,3,19,0,1219
2022-09-05,2022-10-05,3,259,3,6,0,1220
2022-05-10,2022-05-13,17,43,3,16,0,1221
2022-05-12,2022-05-13,16,168,3,6,0,1222
2022-04-24,,12,371,3,8,2,1223
2022-05-05,2022-05-05,32,286,3,8,0,1224
2022-07-05,2022-07-05,24,119,3,8,0,1225
2022-03-05,2022-04-05,13,104,3,8,0,1226
2022-03-05,2022-04-05,13,104,3,5,0,1227
2022-06-05,2022-06-05,16,328,3,3,0,1228
2022-02-05,2022-08-05,12,504,3,8,0,1229
2022-02-05,2022-03-05,12,504,3,8,0,1230
2022-04-29,2022-04-30,5,151,3,13,0,1231
2022-04-24,2022-04-28,24,263,3,14,0,1232
2022-04-29,2022-05-02,9,344,3,25,0,1233
2022-04-26,2022-04-29,13,144,3,5,0,1234
2022-04-24,2022-04-28,24,263,3,14,0,1235
2022-04-14,,24,263,3,8,0,1236
2022-04-05,,22,106,1,129,0,1237
2022-10-04,2022-12-04,24,263,3,14,0,1238
2022-04-12,2022-04-13,16,168,3,10,0,1239
2022-03-23,,25,243,3,9,0,1240
2022-04-14,2022-04-14,24,263,3,5,0,1241
2022-03-27,,10,56,3,17,0,1242
2022-02-04,2022-04-18,22,283,3,32,0,1243
2022-03-29,2022-03-30,24,263,3,2,0,1244
2021-12-16,2022-03-29,24,320,3,63,0,1245
2022-03-28,2022-04-04,13,204,3,24,0,1246
